<xml>
<item>
<title>The Script - Live at Croke Park <title>
<link>https://www.youtube.com/watch/G801-dXTDVY</link>
<thumbnail>http://s2.evcdn.com/images/edpborder500/I0-001/004/191/973-7.jpeg_/the-script-73.jpeg</thumbnail>
</item>

<item>
<title>1975 - Lollapalooza</title>
<link>https://www.youtube.com/watch/O5A425xwdTs</link>
<thumbnail>http://www.aaaedinburgh.co.uk/wp-content/uploads/2015/11/the19751.png</thumbnail>
</item>

<item>
<title>1975 - Lounge Symphony</title>
<link>https://www.youtube.com/watch/IiYbBdacOtM</link>
<thumbnail>http://www.aaaedinburgh.co.uk/wp-content/uploads/2015/11/the19751.png</thumbnail>
</item>

<item>
<title>1975 Live - Reading and Leeds Festival</title>
<link>https://www.youtube.com/watch/lNEN7MLgFiY</link>
<thumbnail>http://www.aaaedinburgh.co.uk/wp-content/uploads/2015/11/the19751.png</thumbnail>
</item>

<item>
<title>ABBA - Live at Wembley</title>
<link>https://www.youtube.com/watch/UFBKCuu3ts8</link>
<thumbnail>https://c.saavncdn.com/artists/Abba.jpg</thumbnail>
</item>

<item>
<title>test for daily<title>
<link>https://www.dailymotion.com/embed/video/k2WvK9rfQ7G2ebt2Q0p?syndication=0?logo=0&autoPlay=1&quality=720&related=0</link>
<thumbnail>http://s2.evcdn.com/images/edpborder500/I0-001/004/191/973-7.jpeg_/the-script-73.jpeg</thumbnail>
</item>

<item>
<title>Yes - Union Tour - Concert in the Round</title>
<link>https://www.youtube.com/watch/QO49gHC3tfc&t=238s/</link>
<thumbnail>https://img.discogs.com/5iibSKpbCdeJnx-wtjaHlODecd4=/fit-in/600x600/filters:strip_icc():format(jpeg):mode_rgb():quality(90)/discogs-images/R-6439360-1444508838-7144.jpeg.jpg</thumbnail>
</item>

<item>
<title>Demention 5</title>
<meta>
<content>movie</content>
<imdb>tt1375670</imdb>
<title>Demention 5</title>
<year>1966</year>
</meta>
<link>

<sublink>ftp://ringling2@ftp.classicmoviesez.com/VIDEO/Dimension5_1966.flv</sublink>
<sublink>search</sublink>
<sublink>searchsd</sublink>
</link>
<thumbnail>https://image.tmdb.org/t/p/w1280/t6Yj2UlqsrHHK6kJO1FWepR6mEd.jpg</thumbnail>
<fanart>http://classicmoviesez.com/Backgrounds/1080p-background.jpg</fanart>
</item>

<item>
<title>Cat Women on the Moon</title>
<meta>
<content>movie</content>
<imdb>tt1375670</imdb>
<title>Cat Women on the Moon</title>
<year>1953</year>
</meta>
<link>
<sublink>http://classicmoviesez.com/VIDEO/Cat-WomenOnTheMoon1953.flv</sublink>
<sublink>search</sublink>
<sublink>searchsd</sublink>
</link>
<thumbnail>https://image.tmdb.org/t/p/w1280/t6Yj2UlqsrHHK6kJO1FWepR6mEd.jpg</thumbnail>
<fanart>http://classicmoviesez.com/Backgrounds/1080p-background.jpg</fanart>
</item>

<item>
<title>20 Million Miles To Earth</title>
<meta>
<content>movie</content>
<imdb>tt0050084</imdb>
<title>20 Million Miles To Earth</title>
<year>1957</year>
</meta>
<link>
<sublink>http://www.classicmoviesez.com/VIDEO/20MillionMilesToEarth1957.flv</sublink>
<sublink>search</sublink>
<sublink>searchsd</sublink>
</link>
<thumbnail>http://classicmoviesez.com/PDImages/20MillionMilesEarth.jpg</thumbnail>
<fanart>http://classicmoviesez.com/Backgrounds/1080p-background.jpg</fanart>
</item>

<item>
<title>The Brain That Wouldn't Die</title>
<meta>
<content>movie</content>
<imdb>tt6093618</imdb>
<title>The Brain That Wouldn't Die</title>
<year>2019</year>
</meta>
<link>
<sublink>http://classicmoviesez.com/VIDEO/BrainThatWouldntDie.flv</sublink>
<sublink>search</sublink>
<sublink>searchsd</sublink>
</link>
<thumbnail>https://image.tmdb.org/t/p/w600_and_h900_bestv2/d6xyWHELxrGlR5oaOX2Z22XM9uM.jpg</thumbnail>
<fanart>http://classicmoviesez.com/Backgrounds/1080p-background.jpg</fanart>
</item>

<item>
<title>Crash of Moons</title>
<meta>
<content>movie</content>
<imdb>tt6093618</imdb>
<title>Crash of Moons</title>
<year>2019</year>
</meta>
<link>
<sublink>http://classicmoviesez.com/VIDEO/CrashOfMoons.flv</sublink>
<sublink>search</sublink>
<sublink>searchsd</sublink>
</link>
<thumbnail>https://image.tmdb.org/t/p/w600_and_h900_bestv2/d6xyWHELxrGlR5oaOX2Z22XM9uM.jpg</thumbnail>
<fanart>http://classicmoviesez.com/Backgrounds/1080p-background.jpg</fanart>
</item>

<item>
	<title>Earth vs The Flying Saucers</title>
	<meta>
	<imdb>tt0462229</imdb>
	<content>movie</content>
	<title>Earth vs The Flying Saucers</title>
	<year>1956</year>
	</meta>
	<link>
	<sublink>http://classicmoviesez.com/VIDEO/EarthVsTheFlyingSaucers1956.flv</sublink>
	<sublink>search</sublink>
	<sublink>searchsd</sublink>
	</link>
	<thumbnail>http://classicmoviesez.com/PDImages/EarthVsFlyingSaucers.jpg</thumbnail>
	<fanart>http://classicmoviesez.com/Backgrounds/1080p-background.jpg</fanart>
</item>

<item>
<title>Doomsday Machine</title>
<meta>
<content>movie</content>
<imdb>tt8097306</imdb>
<title>Doomsday Machine</title>
<year>2018</year>
</meta>
<link>
<sublink>https://uptostream.com/25cppdjg404k(1080p)</sublink>
<sublink>search</sublink>
<sublink>searchsd</sublink>
</link>
<thumbnail>http://classicmoviesez.com/PDImages/DoomsdayMachine.jpg</thumbnail>
<fanart>http://classicmoviesez.com/Backgrounds/1080p-background.jpg</fanart>
</item>

<item>
	<title>Fabulous Journey to the Center of the Earth</title>
	<meta>
	<content>movie</content>
	<imdb>tt1231587</imdb>
	<title>Fabulous Journey to the Center of the Earth</title>
	<year>1977</year>
	</meta>
	<link>
	<sublink>http://classicmoviesez.com/VIDEO/FabulousJourneyCenterEarth1977.flv</sublink>
	<sublink>search</sublink>
	<sublink>searchsd</sublink>
	</link>
	<thumbnail>http://classicmoviesez.com/PDImages/20MillionMilesEarth.jpg</thumbnail>
	<fanart>http://classicmoviesez.com/Backgrounds/1080p-background.jpg</fanart>
</item>

<item>
	<title>Devil Girl Form Mars</title>
	<meta>
	<imdb>tt1231587</imdb>
	<content>movie</content>
	<title>Devil Girl Form Mars</title>
	<year>2010</year>
	</meta>
	<link>
	<sublink>https://uptobox.com/u9idde39uzky(720p)</sublink>
	<sublink>https://uptobox.com/ir5xalfwxs49(1080p)</sublink>
	<sublink>search</sublink>
	<sublink>searchsd</sublink>
	</link>
	<thumbnail>http://classicmoviesez.com/PDImages/DevilGirlMars.jpg</thumbnail>
	<fanart>http://classicmoviesez.com/Backgrounds/1080p-background.jpg</fanart>
</item>

<item>
	<title>A Trip To The Moon</title>
	<meta>
	<imdb>tt2637294</imdb>
	<content>movie</content>
	<title>A Trip To The Moon</title>
	<year>2015</year>
	</meta>
	<link>
	<sublink>https://uptobox.com/zmw59fuw3mv0(720p)</sublink>
	<sublink>https://uptobox.com/vy9bfajn08w5(1080p)</sublink>
	<sublink>search</sublink>
	<sublink>searchsd</sublink>
	</link>
	<thumbnail>http://classicmoviesez.com/PDImages/A%20Trip%20to%20the%20Moon.JPG</thumbnail>
	<fanart>http://classicmoviesez.com/Backgrounds/1080p-background.jpg</fanart>
</item>

<item>
	<title>Attack of the Crab Monsters</title>
	<meta>
	<imdb>tt0381707</imdb>
	<content>movie</content>
	<title>Attack of the Crab Monsters</title>
	<year>1957</year>
	</meta>
	<link>
	<sublink>http://classicmoviesez.com/VIDEO/AttackOfTheCrabMonsters1957.flv</sublink>
	<sublink>search</sublink>
	<sublink>searchsd</sublink>
	</link>
	<thumbnail>https://image.tmdb.org/t/p/w1280/hT4PEPFW3dQG7N5LZe5b2qYHCU0.jpg</thumbnail>
	<fanart>http://classicmoviesez.com/Backgrounds/1080p-background.jpg</fanart>
</item>

<item>
	<title>Attack of the Puppet People</title>
	<meta>
	<imdb>tt0884732</imdb>
	<content>movie</content>
	<title>Attack of the Puppet People</title>
	<year>1958</year>
	</meta>
	<link>
	<sublink>http://classicmoviesez.com/VIDEO/AttackOfThePuppetPeople1958.flv</sublink>
	<sublink>search</sublink>
	<sublink>searchsd</sublink>
	</link>
	<thumbnail>https://image.tmdb.org/t/p/w1280/u3gLkiOpkNb01r7yvrbbOfBJv3R.jpg</thumbnail>
	<fanart>http://classicmoviesez.com/Backgrounds/1080p-background.jpg</fanart>
</item>

<item>
	<title>Blood Beast From Outer Space</title>
	<meta>
	<imdb>tt0265087</imdb>
	<content>movie</content>
	<title>Blood Beast From Outer Space</title>
	<year>1965</year>
	</meta>
	<link>
	<sublink>http://classicmoviesez.com/VIDEO/BloodBeastFromOuterSpace1965.flv</sublink>
	<sublink>search</sublink>
	<sublink>searchsd</sublink>
	</link>
	<thumbnail>https://image.tmdb.org/t/p/w1280/xJnGEOnYUelD6wLgpQfNg5tq8jV.jpg</thumbnail>
	<fanart>http://classicmoviesez.com/Backgrounds/1080p-background.jpg</fanart>
</item>

<item>
	<title>Flash Gordon Conquers the Universe</title>
	<meta>
	<imdb>tt1723121</imdb>
	<content>movie</content>
	<title>Flash Gordon Conquers the Universe</title>
	<year>1940</year>
	</meta>
	<link>
	<sublink>http://classicmoviesez.com/VIDEO/FlashGordonConquersTheUniverse1940.flv</sublink>
	<sublink>search</sublink>
	<sublink>searchsd</sublink>
	</link>
	<thumbnail>https://image.tmdb.org/t/p/w1280/digXuLXmk88Ar23LYUQTLcz5npA.jpg</thumbnail>
	<fanart>http://classicmoviesez.com/Backgrounds/1080p-background.jpg</fanart>
</item>

<item>
<title>Flash Gordon the Movie</title>
<meta>
<content>movie</content>
<imdb>tt2120120</imdb>
<title>Flash Gordon the Movie</title>
<year>1940</year>
</meta>
<link>
<sublink>http://classicmoviesez.com/VIDEO/FlashGordonTheMovie.flv</sublink>
<sublink>search</sublink>
<sublink>searchsd</sublink>
</link>
<thumbnail>https://image.tmdb.org/t/p/w1280/ktyVmIqfoaJ8w0gDSZyjhhOPpD6.jpg</thumbnail>
<fanart>http://classicmoviesez.com/Backgrounds/1080p-background.jpg</fanart>
</item>

<item>
<title>Giant From the Unknown</title>
<meta>
<content>movie</content>
<imdb>tt6781982</imdb>
<title>Giant From the Unknown</title>
<year>1958</year>
</meta>
<link>
<sublink>http://classicmoviesez.com/VIDEO/GiantFromTheUnknown1958.flv</sublink>
<sublink>search</sublink>
<sublink>searchsd</sublink>
</link>
<thumbnail>https://image.tmdb.org/t/p/w1280/xjsJTVWZYxeP89fwH17rsVvhPAe.jpg</thumbnail>
<fanart>http://classicmoviesez.com/Backgrounds/1080p-background.jpg</fanart>
</item>

<item>
<title>Hands of a Stranger</title>
<meta>
<content>movie</content>
<imdb>tt1375670</imdb>
<title>Hands of a Stranger</title>
<year>1960</year>
</meta>
<link>
<sublink>http://classicmoviesez.com/VIDEO/HandsStrangler1960.flv</sublink>
<sublink>search</sublink>
<sublink>searchsd</sublink>
</link>
<thumbnail>https://image.tmdb.org/t/p/w1280/t6Yj2UlqsrHHK6kJO1FWepR6mEd.jpg</thumbnail>
<fanart>http://classicmoviesez.com/Backgrounds/1080p-background.jpg</fanart>
</item>

<item>
<title>Incredible Petrified World</title>
<meta>
<content>movie</content>
<imdb>tt3152624</imdb>
<title>Incredible Petrified World</title>
<year>2015</year>
</meta>
<link>
<sublink>http://classicmoviesez.com/VIDEO/IncrediblePetrifiedWorld.flv</sublink>
<sublink>search</sublink>
<sublink>searchsd</sublink>
</link>
<thumbnail>https://image.tmdb.org/t/p/w1280/2USk7mhiCXRkU9NzttXCzOjg2iV.jpg</thumbnail>
<fanart>http://classicmoviesez.com/Backgrounds/1080p-background.jpg</fanart>
</item>

<item>
<title>In the Year 2889</title>
<meta>
<content>movie</content>
<imdb>tt2771200</imdb>
<title>In the Year 2889</title>
<year>1967</year>
</meta>
<link>
<sublink>http://classicmoviesez.com/VIDEO/InTheYear2889_1967.flv</sublink>
<sublink>search</sublink>
<sublink>searchsd</sublink>
</link>
<thumbnail>https://image.tmdb.org/t/p/w1280/tWqifoYuwLETmmasnGHO7xBjEtt.jpg</thumbnail>
<fanart>http://classicmoviesez.com/Backgrounds/1080p-background.jpg</fanart>
</item>

<item>
<title>Invaders From Mars</title>
<meta>
<content>movie</content>
<imdb>tt1243974</imdb>
<title>Invaders From Mars</title>
<year>1953</year>
</meta>
<link>
<sublink>http://classicmoviesez.com/VIDEO/InvadersFromMars1953.flv</sublink>
<sublink>search</sublink>
<sublink>searchsd</sublink>
</link>
<thumbnail>https://image.tmdb.org/t/p/w1280/4Q0rnkCsQ9GhdnR66Bqjvav2Q1x.jpg</thumbnail>
<fanart>http://classicmoviesez.com/Backgrounds/1080p-background.jpg</fanart>
</item>

<item>
<title>Invaders From Space</title>
<meta>
<content>movie</content>
<imdb>tt3564472</imdb>
<title>Invaders From Space</title>
<year>1965</year>
</meta>
<link>
<sublink>http://classicmoviesez.com/VIDEO/InvadersFromSpace1965.flv</sublink>
<sublink>search</sublink>
<sublink>searchsd</sublink>
</link>
<thumbnail>https://image.tmdb.org/t/p/w1280/fM1h8CwtdileV3zlemXx7UWJjOP.jpg</thumbnail>
<fanart>http://classicmoviesez.com/Backgrounds/1080p-background.jpg</fanart>
</item>

<item>
<title>Invasion From Inner Earth</title>
<meta>
<content>movie</content>
<imdb>tt5721088</imdb>
<title>Invasion From Inner Earth</title>
<year>1974</year>
</meta>
<link>
<sublink>http://classicmoviesez.com/VIDEO/Invasion%20from%20Inner%20Earth1974.flv</sublink>
<sublink>search</sublink>
<sublink>searchsd</sublink>
</link>
<thumbnail>https://image.tmdb.org/t/p/w1280/70eVsU4nvVidEs7mpPcEcBlIpmx.jpg</thumbnail>
<fanart>http://classicmoviesez.com/Backgrounds/1080p-background.jpg</fanart>
</item>

<item>
<title>Invasion of the Saucer Men</title>
<meta>
<content>movie</content>
<imdb>tt7349662</imdb>
<title>Invasion of the Saucer Men</title>
<year>1957</year>
</meta>
<link>
<sublink>http://classicmoviesez.com/VIDEO/InvasionOfTheSaucer-Men.flv</sublink>
<sublink>search</sublink>
<sublink>searchsd</sublink>
</link>
<thumbnail>https://image.tmdb.org/t/p/w1280/lTgROqb5nrzILPRjUY6JjDIrOhh.jpg</thumbnail>
<fanart>http://classicmoviesez.com/Backgrounds/1080p-background.jpg</fanart>
</item>

<item>
<title>Journey to the Center of Time</title>
<meta>
<content>movie</content>
<imdb>tt2704998</imdb>
<title>Journey to the Center of Time</title>
<year>1967</year>
</meta>
<link>
<sublink>http://classicmoviesez.com/VIDEO/JourneyCenterTime.flv</sublink>
<sublink>search</sublink>
<sublink>searchsd</sublink>
</link>
<thumbnail>https://image.tmdb.org/t/p/w600_and_h900_bestv2/85R8LMyn9f2Lev2YPBF8Nughrkv.jpg</thumbnail>
<fanart>http://classicmoviesez.com/Backgrounds/1080p-background.jpg</fanart>
</item>

<item>
<title>Killers From Space</title>
<meta>
<content>movie</content>
<imdb>tt0433400</imdb>
<title>Killers From Space</title>
<year>1954</year>
</meta>
<link>
<sublink>http://classicmoviesez.com/VIDEO/KillersFromSpace1954.flv</sublink>
<sublink>search</sublink>
<sublink>searchsd</sublink>
</link>
<thumbnail>https://image.tmdb.org/t/p/w600_and_h900_bestv2/cyih5NtdEXF0uSGWJFWgiIEQknb.jpg</thumbnail>
<fanart>http://classicmoviesez.com/Backgrounds/1080p-background.jpg</fanart>
</item>


<item>
<title>Last Man on Earth</title>
<meta>
<content>movie</content>
<imdb>tt5619332</imdb>
<title>Last Man on Earth</title>
<year>1964</year>
</meta>
<link>
<sublink>http://classicmoviesez.com/VIDEO/LastManOnEarth1964.flv</sublink>
<sublink>search</sublink>
<sublink>searchsd</sublink>
</link>
<thumbnail>https://image.tmdb.org/t/p/w600_and_h900_bestv2/749iUAWQWeutQuTd9excjmigecw.jpg</thumbnail>
<fanart>http://classicmoviesez.com/Backgrounds/1080p-background.jpg</fanart>
</item>

<item>
<title>Last Woman on Earth</title>
<meta>
<content>movie</content>
<imdb>tt1563742</imdb>
<title>Last Woman on Earth</title>
<year>1960</year>
</meta>
<link>
<sublink>http://classicmoviesez.com/VIDEO/LastWomanOnEarth1960.flv</sublink>
<sublink>search</sublink>
<sublink>searchsd</sublink>
</link>
<thumbnail>https://image.tmdb.org/t/p/w1280/qauHzSQJdo9VYX4NKn9PdWnvXOV.jpg</thumbnail>
<fanart>http://classicmoviesez.com/Backgrounds/1080p-background.jpg</fanart>
</item>

<item>
<title>Tag</title>
<meta>
<content>movie</content>
<imdb>tt2854926</imdb>
<title>Tag</title>
<year>2018</year>
</meta>
<link>
<sublink>https://uptostream.com/xacv7e04bisg(720p)</sublink>
<sublink>https://uptostream.com/jfbd8l8zes5u(1080p)</sublink>
<sublink>search</sublink>
<sublink>searchsd</sublink>
</link>
<thumbnail>https://image.tmdb.org/t/p/w1280/eXXpuW2xaq5Aen9N5prFlARVIvr.jpg</thumbnail>
<fanart>http://classicmoviesez.com/Backgrounds/1080p-background.jpg</fanart>
</item>

<item>
<title>Life as We Know It</title>
<meta>
<content>movie</content>
<imdb>tt1055292</imdb>
<title>Life as We Know It</title>
<year>2018</year>
</meta>
<link>
<sublink>https://uptostream.com/f333nisns87e(720p)</sublink>
<sublink>https://uptostream.com/mntb8g3n11b5(1080p)</sublink>
<sublink>search</sublink>
<sublink>searchsd</sublink>
</link>
<thumbnail>https://image.tmdb.org/t/p/w1280/jFbRdqiobGs8sKNfPomSpJMlFv4.jpg</thumbnail>
<fanart>http://classicmoviesez.com/Backgrounds/1080p-background.jpg</fanart>
</item>

<item>
<title>The House</title>
<meta>
<content>movie</content>
<imdb>tt4481514</imdb>
<title>The House</title>
<year>2017</year>
</meta>
<link>
<sublink>https://uptostream.com/nieb0do77uhp(720p)</sublink>
<sublink>https://uptostream.com/cd63z95iqnez(1080p)</sublink>
<sublink>search</sublink>
<sublink>searchsd</sublink>
</link>
<thumbnail>https://image.tmdb.org/t/p/w1280/hkmWkVgirei79bwds23Hr0lWSXS.jpg</thumbnail>
<fanart>https://image.tmdb.org/t/p/w1000_and_h563_face/1x29nDCTbqOW3goW7OogNUCoP9H.jpg</fanart>
</item>

<item>
<title>Central Intelligence</title>
<meta>
<content>movie</content>
<imdb>tt1489889</imdb>
<title>Central Intelligence</title>
<year>2016</year>
</meta>
<link>
<sublink>https://uptostream.com/hoyoqgbdsyyr(720p)</sublink>
<sublink>search</sublink>
<sublink>searchsd</sublink>
</link>
<thumbnail>https://image.tmdb.org/t/p/w600_and_h900_bestv2/9M5ibpQUjoVFjjnP2AdLcof4hAk.jpg</thumbnail>
<fanart>https://image.tmdb.org/t/p/original/sIIMKjWUsEV8B49kiPhvY4WKb6L.jpg</fanart>
</item>

<item>
<title>The Proposal</title>
<meta>
<content>movie</content>
<imdb>tt1041829</imdb>
<title>The Proposal</title>
<year>2009</year>
</meta>
<link>
<sublink>https://uptostream.com/8u4mthpk041q(720p)</sublink>
<sublink>search</sublink>
<sublink>searchsd</sublink>
</link>
<thumbnail>https://image.tmdb.org/t/p/w1280/xippClkb4VCE15uva13SAGf8Vsd.jpg</thumbnail>
<fanart>https://image.tmdb.org/t/p/original/mz7iHuga24EzTnUjW0Ut2qmDAHE.jpg</fanart>
</item>

<item>
<title>About Last Night</title>
<meta>
<content>movie</content>
<imdb>tt1826590</imdb>
<title>About Last Night</title>
<year>2014</year>
</meta>
<link>
<sublink>https://uptostream.com/tkl3kc9ccike(720p)</sublink>
<sublink>search</sublink>
<sublink>searchsd</sublink>
</link>
<thumbnail>https://image.tmdb.org/t/p/w1280/scGmWVpSt0Yaanwuxe1IvA5lZRG.jpg</thumbnail>
<fanart>https://image.tmdb.org/t/p/original/5rlJN2cnPfAG7AMTsWOd4tiiWBY.jpg</fanart>
</item>

<item>
<title>Welcome Home Roscoe Jenkins</title>
<meta>
<content>movie</content>
<imdb>tt0494652</imdb>
<title>Welcome Home Roscoe Jenkins</title>
<year>2008</year>
</meta>
<link>
<sublink>https://uptostream.com/yz2lo84kg5k7(720p)</sublink>
<sublink>search</sublink>
<sublink>searchsd</sublink>
</link>
<thumbnail>https://image.tmdb.org/t/p/w1280/prEJsblCH8BnV3Km4FbALt7YCtc.jpg</thumbnail>
<fanart>https://image.tmdb.org/t/p/original/vg5FFqhKDet6xeEAvOnSHLNhAu6.jpg</fanart>
</item>

<item>
<title>Bad Moms</title>
<meta>
<content>movie</content>
<imdb>tt4651520</imdb>
<title>Bad Moms</title>
<year>2016</year>
</meta>
<link>
<sublink>https://uptostream.com/o948kfi1ogtx(720p)</sublink>
<sublink>https://uptostream.com/bz9bz83w0nz0(1080p)</sublink>
<sublink>search</sublink>
<sublink>searchsd</sublink>
</link>
<thumbnail>https://image.tmdb.org/t/p/w600_and_h900_bestv2/8sH6LX06JijKQehWo0iSJtbp446.jpg</thumbnail>
<fanart>https://image.tmdb.org/t/p/original/elPpPBuYB2Zn5wFwz2FSlJlKUjp.jpg</fanart>
</item>

<item>
<title>50 First Dates</title>
<meta>
<content>movie</content>
<imdb>tt0343660</imdb>
<title>50 First Dates</title>
<year>2004</year>
</meta>
<link>
<sublink>https://uptobox.com/54nifkma16ng(1080p)</sublink>
<sublink>search</sublink>
<sublink>searchsd</sublink>
</link>
<thumbnail>https://image.tmdb.org/t/p/w600_and_h900_bestv2/vKKdsaq3OomDvFdpPpWVg0L6gB9.jpg</thumbnail>
<fanart>https://image.tmdb.org/t/p/original/ny2EnW3hj8lao4luKj7qD2pB8jk.jpg</fanart>
</item>

<item>
<title>Bridesmaids Unrated</title>
<meta>
<content>movie</content>
<imdb>tt1478338</imdb>
<title>Bridesmaids</title>
<year>2011</year>
</meta>
<link>
<sublink>https://uptobox.com/ibr1h23lva0m(1080p)</sublink>
<sublink>search</sublink>
<sublink>searchsd</sublink>
</link>
<thumbnail>https://image.tmdb.org/t/p/w600_and_h900_bestv2/x5ucaJZ4FP589Gn3I8l3ZFV3Nl8.jpg</thumbnail>
<fanart>https://image.tmdb.org/t/p/original/mRSEO6XXmtmfAFTV1k6hW2zxisH.jpg</fanart>
</item>

<item>
<title>Ted</title>
<meta>
<content>movie</content>
<imdb>tt1637725</imdb>
<title>Ted</title>
<year>2012</year>
</meta>
<link>
<sublink>https://uptobox.com/e4med7ihbs01(1080p)</sublink>
<sublink>search</sublink>
<sublink>searchsd</sublink>
</link>
<thumbnail>https://image.tmdb.org/t/p/w600_and_h900_bestv2/yLdP2vDa1BqxLSbikGypGtAEOGe.jpg</thumbnail>
<fanart>https://image.tmdb.org/t/p/original/5KMoDkBqYDeDEnqVaHpPQwlH2IL.jpg</fanart>
</item>

<item>
<title>Ted 2 (2015)</title>
<meta>
<content>movie</content>
<imdb>tt2637276</imdb>
<title>Ted 2</title>
<year>2015</year>
</meta>
<link>
<sublink>https://uptostream.com/6plc2vfcek7m(1080p)</sublink>
<sublink>search</sublink>
<sublink>searchsd</sublink>
</link>
<thumbnail>https://image.tmdb.org/t/p/w600_and_h900_bestv2/A7HtCxFe7Ms8H7e7o2zawppbuDT.jpg</thumbnail>
<fanart>https://image.tmdb.org/t/p/original/e2C3xSla71rzdwKmpNFdg1KCITX.jpg</fanart>
</item>

<item>
<title>Scott Pilgrim vs. the World</title>
<meta>
<content>movie</content>
<imdb>tt0446029</imdb>
<title>Scott Pilgrim vs. the World</title>
<year>2010</year>
</meta>
<link>
<sublink>https://uptobox.com/ti5cy0xodf96(1080p)</sublink>
<sublink>search</sublink>
<sublink>searchsd</sublink>
</link>
<thumbnail>https://image.tmdb.org/t/p/w600_and_h900_bestv2/lafRuPbjEQrrHG9QEaoyV2znZC.jpg</thumbnail>
<fanart>https://image.tmdb.org/t/p/original/9UBtFxBdWDtwMLX5brS45Ryo840.jpg</fanart>
</item>

<item>
<title>Just Go With It</title>
<meta>
<content>movie</content>
<imdb>tt1564367</imdb>
<title>Just Go With It</title>
<year>2011</year>
</meta>
<link>
<sublink>https://uptostream.com/jhpj5k5alytd(720p)</sublink>
<sublink>search</sublink>
<sublink>searchsd</sublink>
</link>
<thumbnail>https://image.tmdb.org/t/p/w1280/4sJDqzBaqBprkEy0aLjIGl7TrHx.jpg</thumbnail>
<fanart>https://image.tmdb.org/t/p/w700_and_h392_bestv2/ieVWVAElB35iphiALeSrrOjP06T.jpg</fanart>
</item>

<item>
<title>The Campaign</title>
<meta>
<content>movie</content>
<imdb>tt1790886</imdb>
<title>The Campaign</title>
<year>2012</year>
</meta>
<link>
<sublink>https://uptostream.com/simif0a7cl20(720p)</sublink>
<sublink>search</sublink>
<sublink>searchsd</sublink>
</link>
<thumbnail>https://image.tmdb.org/t/p/w1280/6uH8BOWN60mu2Vd5z4jCaVWb2ix.jpg</thumbnail>
<fanart>https://image.tmdb.org/t/p/w700_and_h392_bestv2/8mKomlkHvO753Wc9w2Q25ffc4UC.jpg</fanart>
</item>

<item>
<title>Masterminds</title>
<meta>
<content>movie</content>
<imdb>tt2461150</imdb>
<title>Masterminds</title>
<year>2016</year>
</meta>
<link>
<sublink>https://uptostream.com/mzhsa02zj2du(720p)</sublink>
<sublink>search</sublink>
<sublink>searchsd</sublink>
</link>
<thumbnail>https://image.tmdb.org/t/p/w1280/tj4lbeWQBvPwGjadEAAjJdQolko.jpg</thumbnail>
<fanart>https://image.tmdb.org/t/p/w700_and_h392_bestv2/fVltpTyYAfI3tPgle4lX7u80MQV.jpg</fanart>
</item>

<item>
<title>Horrible Bosses</title>
<meta>
<content>movie</content>
<imdb>tt1499658</imdb>
<title>Horrible Bosses</title>
<year>2011</year>
</meta>
<link>
<sublink>https://uptostream.com/7qa16rj90d4l(1080p)</sublink>
<sublink>search</sublink>
<sublink>searchsd</sublink>
</link>
<thumbnail>https://image.tmdb.org/t/p/w1280/2YHhgSoytD00EpflsvWKTjbGDEr.jpg</thumbnail>
<fanart>https://image.tmdb.org/t/p/w1000_and_h563_face/wQKu4EXVIhCw57NsR3Tgml0hA1F.jpg</fanart>
</item>

<item>
<title>Blended</title>
<meta>
<content>movie</content>
<imdb>tt1086772</imdb>
<title>Blended</title>
<year>2014</year>
</meta>
<link>
<sublink>https://uptostream.com/oxakzrpzfof1(720p)</sublink>
<sublink>search</sublink>
<sublink>searchsd</sublink>
</link>
<thumbnail>https://image.tmdb.org/t/p/w1280/l99PKd9tdwtpOS5jxHwDGKTsVUo.jpg</thumbnail>
<fanart>https://image.tmdb.org/t/p/w1000_and_h563_face/2kEQsFkFRpCXRmgMg7g4WgZYSlk.jpg</fanart>
</item>

<item>
<title>Blockers</title>
<meta>
<content>movie</content>
<imdb>tt2531344</imdb>
<title>Blockers</title>
<year>2018</year>
</meta>
<link>
<sublink>https://uptostream.com/o8m3e3ndizdg(720)</sublink>
<subink>https://uptostream.com/zeqxjyl0ct6w(1080)</sublink>
<sublink>search</sublink>
<sublink>searchsd</sublink>
</link>
<thumbnail>https://image.tmdb.org/t/p/w1280/uvlUQXg0AlpGzKukO11K7QtW3Yu.jpg</thumbnail>
<fanart>https://image.tmdb.org/t/p/w700_and_h392_bestv2/bStCGzVYFrKxtOyThKkqgI8gjgE.jpg</fanart>
</item>

<item>
<title>Blindspotting</title>
<meta>
<content>movie</content>
<imdb>tt7242142</imdb>
<title>Blindspotting</title>
<year>2018</year>
</meta>
<link>
<subink>https://uptostream.com/f7ep1743592t(720)</sublink>
<sublink>https://uptostream.com/fdnmf1wqeykv(1080)</sublink>
<sublink>search</sublink>
<sublink>searchsd</sublink>
</link>
<thumbnail>https://image.tmdb.org/t/p/w1280/c4UvwoMmQiztTqeUnExDU5hoCdP.jpg</thumbnail>
<fanart>https://image.tmdb.org/t/p/w700_and_h392_bestv2/qNYL8EAUPvTaiW1hVavX1vIWVcl.jpg</fanart>
</item>

<item>
<title>Neighbors</title>
<meta>
<content>movie</content>
<imdb>tt2004420</imdb>
<title>Neighbors</title>
<year>2014</year>
</meta>
<link>
<sublink>https://uptostream.com/hzd921q29fpu(720p)</sublink>
<sublink>https://uptostream.com/9pu1pedgdz5m(1080p)</sublink>
<sublink>search</sublink>
<sublink>searchsd</sublink>
</link>
<thumbnail>https://image.tmdb.org/t/p/w1280/bpj8myebvnTw5HDmzTSI8N6WFYr.jpg</thumbnail>
<fanart>https://image.tmdb.org/t/p/w1000_and_h563_face/anApKvoqZgMIdsVtadQvylcGrkf.jpg</fanart>
</item>

<item>
<title>Neighbors 2: Sorority Rising</title>
<meta>
<content>movie</content>
<imdb>tt4438848</imdb>
<title>Neighbors 2: Sorority Rising</title>
<year>2016</year>
</meta>
<link>
<sublink>https://uptobox.com/pq4hl8lxqzpt(720p)</sublink>
<sublink>https://uptobox.com/miqwwm2v8ul2(1080p)</sublink>
<sublink>search</sublink>
<sublink>searchsd</sublink>
</link>
<thumbnail>https://image.tmdb.org/t/p/w1280/bWUeJHbKIyT306WtJFRHoSzX9nk.jpg</thumbnail>
<fanart>http://i64.tinypic.com/2lo0xg3.jpg</fanart>
</item>

<item>
<title>The Best Man</title>
<meta>
<content>movie</content>
<imdb>tt0168501</imdb>
<title>The Best Man</title>
<year>1999</year>
</meta>
<link>
<sublink>https://uptostream.com/e1mnuvdrheln(1080p)</sublink>
<sublink>search</sublink>
<sublink>searchsd</sublink>
</link>
<thumbnail>https://image.tmdb.org/t/p/w1280/aYjqXc6DohfynlfUNRHqiqWi4cL.jpg</thumbnail>
<fanart>https://image.tmdb.org/t/p/w700_and_h392_bestv2/viuGfzl7XNoVRoM2T01XHDqCDMd.jpg</fanart>
</item>

<item>
<title>The Wood</title>
<meta>
<content>movie</content>
<imdb>tt0161100</imdb>
<title>The </title>
<year>1999</year>
</meta>
<link>
<sublink>https://uptostream.com/5q7558cj6ano(720p)</sublink>
<sublink>search</sublink>
<sublink>searchsd</sublink>
</link>
<thumbnail>https://image.tmdb.org/t/p/w1280/ocT0wGqxODQY4ny49ECLv4DYKru.jpg</thumbnail>
<fanart>https://image.tmdb.org/t/p/w700_and_h392_bestv2/645iJzNG9A8FqKQ3BhPblKWI2Nm.jpg</fanart>
</item>

<item>
<title>The Change Up</title>
<meta>
<content>movie</content>
<imdb>tt1488555</imdb>
<title>The Change Up</title>
<year>2011</year>
</meta>
<link>
<sublink>https://uptostream.com/wj626h3rpf2z(720p)</sublink>
<sublink>search</sublink>
<sublink>searchsd</sublink>
</link>
<thumbnail>https://image.tmdb.org/t/p/w1280/AmXfXEBsEpGIz9mucwGLw3OR3Ki.jpg</thumbnail>
<fanart>https://image.tmdb.org/t/p/w700_and_h392_bestv2/z5xeSCrTLpA4VSLtbwakWWEXWM0.jpg</fanart>
</item>

<item>
<title>Vacation</title>
<meta>
<content>movie</content>
<imdb>tt1524930</imdb>
<title>Vacation</title>
<year>2015</year>
</meta>
<link>
<sublink>https://uptostream.com/rvq7u2gsp2qq(720p)</sublink>
<sublink>search</sublink>
<sublink>searchsd</sublink>
</link>
<thumbnail>https://image.tmdb.org/t/p/w1280/wIFE9tOrnCigzldadEoGYqxxKEJ.jpg</thumbnail>
<fanart>https://image.tmdb.org/t/p/w700_and_h392_bestv2/2vhwY7QRrsvMaJ8WsRxnuAe586J.jpg</fanart>
</item>

<item>
<title>The Other Woman</title>
<meta>
<content>movie</content>
<imdb>tt2203939</imdb>
<title>The Other Woman</title>
<year>2014</year>
</meta>
<link>
<sublink>https://uptostream.com/d7ibeb1raplw(720p)</sublink>
<sublink>search</sublink>
<sublink>searchsd</sublink>
</link>
<thumbnail>https://image.tmdb.org/t/p/w1280/f0kR8BHHdveJJnZSSJFQWDnKbxp.jpg</thumbnail>
<fanart>https://image.tmdb.org/t/p/w700_and_h392_bestv2/yiuGanOVhDgHTYp107Nq55GEx3B.jpg</fanart>
</item>

<item>
<title>Think Like A Man</title>
<meta>
<content>movie</content>
<imdb>tt1621045</imdb>
<title>Think Like A Man</title>
<year>2012</year>
</meta>
<link>
<sublink>https://uptostream.com/j2admfsrb0gv(1080p)</sublink>
<sublink>search</sublink>
<sublink>searchsd</sublink>
</link>
<thumbnail>https://image.tmdb.org/t/p/w1280/4tK8k1YbF58nEMW76bnm76jWpnZ.jpg</thumbnail>
<fanart>https://image.tmdb.org/t/p/w700_and_h392_bestv2/fFOqofcQpMMAqcGjtu58AcZMynm.jpg</fanart>
</item>

<item>
<title>Think Like A Man Too</title>
<meta>
<content>movie</content>
<imdb>tt2239832</imdb>
<title>Think Like A Man Too</title>
<year>2014</year>
</meta>
<link>
<sublink>https://uptostream.com/aj2bqako6kit(1080p)</sublink>
<sublink>search</sublink>
<sublink>searchsd</sublink>
</link>
<thumbnail>https://image.tmdb.org/t/p/w1280/xOTTC0HF25aYRteqYZJ4Xhh8uOF.jpg</thumbnail>
<fanart>https://image.tmdb.org/t/p/w700_and_h392_bestv2/jQFIxYFbgpyUfNXmpYhp6Q1p4X5.jpg</fanart>
</item>

<item>
<title>The Heat</title>
<meta>
<content>movie</content>
<imdb>tt2404463</imdb>
<title>The Heat</title>
<year></year>
</meta>
<link>
<sublink>https://uptostream.com/zlwkr82i47ct(720p)</sublink>
<sublink>search</sublink>
<sublink>searchsd</sublink>
</link>
<thumbnail>https://image.tmdb.org/t/p/w1280/cVQzOmI1ccJFOaYTrGZCe07P290.jpg</thumbnail>
<fanart>https://image.tmdb.org/t/p/w700_and_h392_bestv2/mw2CIdgxPpzcBnsu61l2SQT5J7.jpg</fanart>
</item>

<item>
<title>Bad Teacher</title>
<meta>
<content>movie</content>
<imdb>tt1284575</imdb>
<title>Bad Teacher</title>
<year>2011</year>
</meta>
<link>
<sublink>https://uptostream.com/ugdi9ac7xeda(720p)</sublink>
<sublink>search</sublink>
<sublink>searchsd</sublink>
</link>
<thumbnail>https://image.tmdb.org/t/p/w1280/zpIY4qUSX91J9XpPgr0hFrk1eKr.jpg</thumbnail>
<fanart>https://image.tmdb.org/t/p/w700_and_h392_bestv2/qllCPxcPbwbrOAXcQqXjVeJfuvF.jpg</fanart>
</item>

<item>
<title>Identity Thief</title>
<meta>
<content>movie</content>
<imdb>tt2024432</imdb>
<title>Identity Thief</title>
<year>2013</year>
</meta>
<link>
<sublink>https://uptostream.com/rai0ans0htqn(720p)</sublink>
<sublink>https://uptostream.com/a6010i6ffsij(1080p)</sublink>
<sublink>search</sublink>
<sublink>searchsd</sublink>
</link>
<thumbnail>https://image.tmdb.org/t/p/w1280/b6V6Yr3pDNlvYDu7Bo1WGBPoNn1.jpg</thumbnail>
<fanart>https://image.tmdb.org/t/p/w700_and_h392_bestv2/q9MgSS0QvapgerVJ2C0Y6F8jOwx.jpg</fanart>
</item>

<item>
<title>The Hangover</title>
<meta>
<content>movie</content>
<imdb>tt1119646</imdb>
<title>The Hangover</title>
<year>2009</year>
</meta>
<link>
<sublink>https://uptostream.com/540ecqytmdxz(720p)</sublink>
<sublink>search</sublink>
<sublink>searchsd</sublink>
</link>
<thumbnail>https://image.tmdb.org/t/p/w1280/eshEkiG7NmU4ekA8CtpIdYiYufZ.jpg</thumbnail>
<fanart>https://image.tmdb.org/t/p/w1000_and_h563_face/rl30cTC0C1cqOtXMHPOQenfZinl.jpg</fanart>
</item>

<item>
<title>Life</title>
<meta>
<content>movie</content>
<imdb>tt0123964</imdb>
<title>Life</title>
<year>1999</year>
</meta>
<link>
<sublink>https://uptostream.com/9qwblvwk4mic(720p)</sublink>
<sublink>https://uptostream.com/9qwblvwk4mic(1080p)</sublink>
<sublink>search</sublink>
<sublink>searchsd</sublink>
</link>
<thumbnail>https://image.tmdb.org/t/p/w1280/t3ijJkodD7fzgbnaEFLQ43ebDDT.jpg</thumbnail>
<fanart>https://image.tmdb.org/t/p/w700_and_h392_bestv2/6YUzx0ncxTOpj7fTh54y1L5JkXE.jpg</fanart>
</item>

<item>
<title>Blue Streak</title>
<meta>
<content>movie</content>
<imdb>tt0181316</imdb>
<title>Blue Streak</title>
<year>1999</year>
</meta>
<link>
<sublink>https://uptostream.com/weqhj8kv0vcg(720p)</sublink>
<sublink>search</sublink>
<sublink>searchsd</sublink>
</link>
<thumbnail>https://image.tmdb.org/t/p/w1280/jek2osBtFhzU6Hjj7yp1egOtbqO.jpg</thumbnail>
<fanart>https://image.tmdb.org/t/p/w700_and_h392_bestv2/eZUssnnFeSO4naHJC400PbiL58f.jpg</fanart>
</item>

<item>
<title>Fist Fight</title>
<meta>
<content>movie</content>
<imdb>tt3401882</imdb>
<title>Fist Fight</title>
<year>2017</year>
</meta>
<link>
<sublink>https://uptostream.com/lgyo0le6g5l2(720p)</sublink>
<sublink>search</sublink>
<sublink>searchsd</sublink>
</link>
<thumbnail>https://image.tmdb.org/t/p/w1280/yONLyCSO0zyDvmVJO2i1U4yrNHE.jpg</thumbnail>
<fanart>https://image.tmdb.org/t/p/w700_and_h392_bestv2/yzAo91sIwQrbYSh9bQrbQ12wZnI.jpg</fanart>
</item>

<item>
<title>Death at a Funeral</title>
<meta>
<content>movie</content>
<imdb>tt1321509</imdb>
<title>Death at a Funeral</title>
<year>2010</year>
</meta>
<link>
<sublink>https://uptostream.com/rmrnimffa34u(720p)</sublink>
<sublink>search</sublink>
<sublink>searchsd</sublink>
</link>
<thumbnail>https://image.tmdb.org/t/p/w1280/iicn7Nku5G4cwCfN5DfX8aiRDD9.jpg</thumbnail>
<fanart>https://image.tmdb.org/t/p/w700_and_h392_bestv2/v7hXS4nYQzUBFOf1rvsGIqxYLxI.jpg</fanart>
</item>

<item>
<title>Friday</title>
<meta>
<content>movie</content>
<imdb>tt0113118</imdb>
<title>Friday</title>
<year>1995</year>
</meta>
<link>
<sublink>https://uptostream.com/21d1xr2oorx7(720p)</sublink>
<sublink>search</sublink>
<sublink>searchsd</sublink>
</link>
<thumbnail>https://image.tmdb.org/t/p/w1280/z76scMklBnEC91CFqHcvqrS5coO.jpg</thumbnail>
<fanart>https://image.tmdb.org/t/p/w700_and_h392_bestv2/gy0CKsdHmU2GRv9TXP4aIj5hAGE.jpg</fanart>
</item>

<item>
<title>Guess Who</title>
<meta>
<content>movie</content>
<imdb>tt0372237</imdb>
<title>Guess Who</title>
<year>2005</year>
</meta>
<link>
<sublink>https://uptostream.com/35scvcjkv196(720p)</sublink>
<sublink>search</sublink>
<sublink>searchsd</sublink>
</link>
<thumbnail>https://image.tmdb.org/t/p/w1280/edxlUrSaeVYkG1VfQlceXcWeRdR.jpg</thumbnail>
<fanart>https://image.tmdb.org/t/p/w700_and_h392_bestv2/xU8w49Mnbi5YmBDHgGNv6IoTz3o.jpg</fanart>
</item>

<item>
<title>Hall Pass</title>
<meta>
<content>movie</content>
<imdb>tt0480687</imdb>
<title>Hall Pass</title>
<year>2011</year>
</meta>
<link>
<sublink>https://uptostream.com/qnqn6uuwakzs(720p)</sublink>
<sublink>search</sublink>
<sublink>searchsd</sublink>
</link>
<thumbnail>https://image.tmdb.org/t/p/w1280/hRvf9rhmwIzvfZwQx4IT6xsUhPe.jpg</thumbnail>
<fanart>https://image.tmdb.org/t/p/w700_and_h392_bestv2/yIEq17CHNDhKC5xHdLlGTlrwgav.jpg</fanart>
</item>

<item>
<title>Are We There Yet</title>
<meta>
<content>movie</content>
<imdb>tt0368578</imdb>
<title>Are We There Yet</title>
<year>2005</year>
</meta>
<link>
<sublink>https://uptostream.com/tzkhz69h87v9(720p)</sublink>
<sublink>https://uptostream.com/8ngypu77gho5(1080p)</sublink>
<sublink>search</sublink>
<sublink>searchsd</sublink>
</link>
<thumbnail>https://image.tmdb.org/t/p/w1280/e081B8b8ZCAfeyof5Zm6dNwJOmp.jpg</thumbnail>
<fanart>https://image.tmdb.org/t/p/w700_and_h392_bestv2/iBBJ9RFQlaqyhcs4MaYPqN1dPIA.jpg</fanart>
</item>

<item>
<title>Are We Done Yet</title>
<meta>
<content>movie</content>
<imdb>tt0422774</imdb>
<title>Are We Done Yet</title>
<year>2007</year>
</meta>
<link>
<subink>https://uptostream.com/dedg26amt1ge(720p)</sublink>
<sublink>search</sublink>
<sublink>searchsd</sublink>
</link>
<thumbnail>https://image.tmdb.org/t/p/w1280/uZ9NZh4zB80phMxo5PucFyWagjG.jpg</thumbnail>
<fanart>https://image.tmdb.org/t/p/w700_and_h392_bestv2/9NITB3qM7UbpxSncv7c37Y8ShjQ.jpg</fanart>
</item>

<item>
<title>Downsizing</title>
<meta>
<content>movie</content>
<imdb>tt1389072</imdb>
<title>Downsizing</title>
<year>2017</year>
</meta>
<link>
<sublink>http://uptobox.com/qshm1vo36565(720p)</sublink>
<sublink>http://uptobox.com/g4cj587pexlk(1080p)</sublink>
<sublink>search</sublink>
<sublink>searchsd</sublink>
</link>
<thumbnail>https://image.tmdb.org/t/p/w600_and_h900_bestv2/uLlmtN33rMuimRq6bu0OoNzCGGs.jpg</thumbnail>
<fanart>https://image.tmdb.org/t/p/w700_and_h392_bestv2/oIqdRhK2Bjc1pUwY3ExamXJAYSI.jpg</fanart>
</item>

<item>
<title>Baywatch</title>
<meta>
<content>movie</content>
<imdb>tt1469304</imdb>
<title>Baywatch</title>
<year>2017</year>
</meta>
<link>
<sublink>https://uptobox.com/r7pr7it9w92w(720p)</sublink>
<sublink>https://uptobox.com/d6jf4bcuooh5(1080p)</sublink>
<sublink>search</sublink>
<sublink>searchsd</sublink>
</link>
<thumbnail>https://image.tmdb.org/t/p/w1280/6HE4xd8zloDqmjMZuhUCCw2UcY1.jpg</thumbnail>
<fanart>https://image.tmdb.org/t/p/w700_and_h392_bestv2/vSY748KlJffgIq4nrzklopU4PEK.jpg</fanart>
</item>

<item>
<title>Jumanji: Welcome to the Jungle</title>
<meta>
<content>movie</content>
<imdb>tt2283362</imdb>
<title>Jumanji: Welcome to the Jungle</title>
<year>2017</year>
</meta>
<link>
<sublink>http://uptobox.com/vft4xjfsogvp(720p)</sublink>
<sublink>http://uptobox.com/2c2gex9w0a1y(1080p)</sublink>
<sublink>search</sublink>
<sublink>searchsd</sublink>
</link>
<thumbnail>https://image.tmdb.org/t/p/w600_and_h900_bestv2/bXrZ5iHBEjH7WMidbUDQ0U2xbmr.jpg</thumbnail>
<fanart>https://image.tmdb.org/t/p/w700_and_h392_bestv2/rHf6t1BfiaVD18gF2oTZO9kw2pS.jpg</fanart>
</item>


<item>
<title>The Show</title>
<meta>
<content>movie</content>
<imdb>tt2088950</imdb>
<title>The Show</title>
<year>2017</year>
</meta>
<link>
<sublink>https://uptobox.com/w44obh046nr9(720p)</sublink>
<sublink>search</sublink>
<sublink>searchsd</sublink>
</link>
<thumbnail>https://image.tmdb.org/t/p/w1280/oe0WzIcsCfwYLu5WhHKOjXO4aYx.jpg</thumbnail>
<fanart>https://image.tmdb.org/t/p/w700_and_h392_bestv2/qxSy8xkhAxtqDM2ysSU41xjAlIh.jpg</fanart>
</item>

<item>
<title>Father Figures</title>
<meta>
<content>movie</content>
<imdb>tt1966359</imdb>
<title>Father Figures</title>
<year>2017</year>
</meta>
<link>
<sublink>https://uptostream.com/4nb1jgczkfo7(720p)</sublink>
<sublink>search</sublink>
<sublink>searchsd</sublink>
</link>
<thumbnail>https://image.tmdb.org/t/p/w1280/avRiH6kbsw3Wxi1J7857alb9yyt.jpg</thumbnail>
<fanart>https://image.tmdb.org/t/p/w700_and_h392_bestv2/xfZZ0Dk2bOxOz1C8T8OQVRGGGIq.jpg</fanart>
</item>

<item>
<title>Ride Along</title>
<meta>
<content>movie</content>
<imdb>tt1408253</imdb>
<title>Ride Along</title>
<year>2014</year>
</meta>
<link>
<sublink>https://uptostream.com/63cjwjargcml(720p)</sublink>
<sublink>search</sublink>
<sublink>searchsd</sublink>
</link>
<thumbnail>https://image.tmdb.org/t/p/w1280/fLXPcxZ1fJjxqUg94FFb8wwM9YN.jpg</thumbnail>
<fanart>https://image.tmdb.org/t/p/w1000_and_h563_face/fPosfeZd84gXdSs20AGqvVIxfPj.jpg</fanart>
</item>

<item>
<title>Ride Along 2</title>
<meta>
<content>movie</content>
<imdb>tt2869728</imdb>
<title>Ride Along 2</title>
<year>2016</year>
</meta>
<link>
<sublink>https://uptobox.com/qhg0cva7iwmt(720p)</sublink>
<sublink>https://uptobox.com/0oepkvns69fo(1080p)</sublink>
<sublink>search</sublink>
<sublink>searchsd</sublink>
</link>
<thumbnail>https://image.tmdb.org/t/p/w600_and_h900_bestv2/A739odgY2FjoLvYLYdypUc6GpaY.jpg</thumbnail>
<fanart>https://image.tmdb.org/t/p/w700_and_h392_bestv2/cnK7uPO8TKwjWz0klj1syVqO9wF.jpg</fanart>
</item>

<item>
<title>Daddy's Home</title>
<meta>
<content>movie</content>
<imdb>tt1528854</imdb>
<title>Daddy's Home</title>
<year>2015</year>
</meta>
<link>
<sublink>https://uptostream.com/376zr2r1z6zh(720p)</sublink>
<sublink>https://uptostream.com/sy3lodxy8pc3(1080p)</sublink>
<sublink>search</sublink>
<sublink>searchsd</sublink>
</link>
<thumbnail>https://image.tmdb.org/t/p/w1280/nW313F3JW2Sg793gKEZNrGxKu6S.jpg</thumbnail>
<fanart>https://image.tmdb.org/t/p/w1000_and_h563_face/td4QJtxbBFdpfhK1EspgJs8wjeU.jpg</fanart>
</item>

<item>
<title>Daddy's Home 2</title>
<meta>
<content>movie</content>
<imdb>tt5657846</imdb>
<title>Daddy's Home 2</title>
<year>2017</year>
</meta>
<link>
<sublink>https://uptobox.com/1p8rascv57x8(1080p)</sublink>
<sublink>search</sublink>
<sublink>searchsd</sublink>
</link>
<thumbnail>https://image.tmdb.org/t/p/w600_and_h900_bestv2/rF2IoKL0IFmumEXQFUuB8LajTYP.jpg</thumbnail>
<fanart>https://image.tmdb.org/t/p/w700_and_h392_bestv2/jRi6AKMPLnMtsFtWY0FUXZOlnVb.jpg</fanart>
</item>

<item>
<title>Nobody's Fool</title>
<meta>
<content>movie</content>
<imdb>tt8097306</imdb>
<title>Nobody's Fool</title>
<year>2018</year>
</meta>
<link>
<sublink>https://uptostream.com/25cppdjg404k(1080p)</sublink>
<sublink>search</sublink>
<sublink>searchsd</sublink>
</link>
<thumbnail>https://image.tmdb.org/t/p/w1280/2VTHRTwLlnFDlNUxc8MEeFwCQTm.jpg</thumbnail>
<fanart>https://image.tmdb.org/t/p/w1000_and_h563_face/yHsWBo5USh5uVDOXq9dSP7zLt3L.jpg</fanart>
</item>

<item>
<title>Wild Hogs</title>
<meta>
<content>movie</content>
<imdb>tt0486946</imdb>
<title>Wild Hogs</title>
<year>2007</year>
</meta>
<link>
<sublink>https://uptostream.com/yphh9o496bkc(720p)</sublink>
<sublink>search</sublink>
<sublink>searchsd</sublink>
</link>
<thumbnail>https://image.tmdb.org/t/p/w1280/7uxAapp2ZITmQmjdyodFgCAINAG.jpg</thumbnail>
<fanart>https://image.tmdb.org/t/p/w1000_and_h563_face/b6VbWzjgAPkOiVjPxWDG9lDxm6D.jpg</fanart>
</item>
</xml>
