<?xml version="1.0" encoding="UTF-8" standalone="yes"?>
<addon id="script.cyphermedia.metadata" version="1.0.0" name="Cypher Media Metadata" provider-name="Cypher">
	<requires>
		<import addon="xbmc.python" version="2.19.0"/>
	</requires>
	<extension point="xbmc.python.module" library="lib" />
	<extension point="xbmc.addon.metadata">
		<summary>Metadata for the Cypher Media Addon</summary>
		<description>Metadata for Cypher Media are maintained separately to make distribution of the the addon itself easier/faster.</description>
		<platform>all</platform>
	</extension>
</addon>
