<?xml version="1.0" encoding="UTF-8" standalone="yes"?>
<addon id="script.selflesslive.metadata" version="1.0.2" name="Selfless Live Metadata" provider-name="Kodi Ghost">
	<requires>
		<import addon="xbmc.python" version="2.19.0"/>
	</requires>
	<extension point="xbmc.python.module" library="lib" />
	<extension point="xbmc.addon.metadata">
		<summary>Metadata for the Selfless Live Addon</summary>
		<description>Metadata for Selfless Live is maintained separately to make distribution of the the addon itself easier/faster.</description>
		<platform>all</platform>
	</extension>
</addon>
