<?xml version="1.0" encoding="UTF-8" standalone="yes"?>
<addon id="slyguy.pluto.tv.provider" name="Pluto TV" provider-name="SlyGuy" version="0.1.8">
  <requires>
    <import addon="script.module.slyguy"/>
  </requires>
  <extension point="xbmc.python.pluginsource" library="default.py" provides="video">
    <provides>video</provides>
  </extension>
  <extension point="xbmc.addon.metadata">
    <description lang="en">Watch all your favourite Pluto TV channels live anywhere. No subscription required.</description>
    <reuselanguageinvoker>true</reuselanguageinvoker>
    <license></license>
    <language></language>
    <website></website>
    <news>Show mini epg in add-on itself</news>
    <assets>
      <icon>icon.png</icon>
      <fanart>fanart.jpg</fanart>
    </assets>
  </extension>
</addon>