<?xml version="1.0" encoding="UTF-8" standalone="yes"?>
<addon id="script.selflesslive.artwork" version="1.0.3" name="Selfless Live Artwork" provider-name="Kodi Ghost">
	<requires>
		<import addon="xbmc.python" version="2.19.0"/>
	</requires>
	<extension point="xbmc.python.module" library="lib" />
	<extension point="xbmc.addon.metadata">
		<summary>Themes for Selfless Live</summary>
		<description>Themes for Selfless Live are maintained separately to make distribution of the the addon itself easier/faster.</description>
		<platform>all</platform>
	</extension>
</addon>
