<?xml version="1.0" encoding="UTF-8" standalone="yes"?>
<addon id="script.metalgearsolid" name="Metalgearsolid" version="9.1.1.3" provider-name="Lockdown">
	<requires>
		<import addon="xbmc.python" version="2.25.0"/>
		<import addon="script.module.pil" version="1.1.7"/>
		<import addon="plugin.video.youtube" version="6.2.2"/>
		<import addon="script.module.requests" version="2.9.1"/>
		<import addon="script.skin.helper.service" version="1.0.0"/>
		<import addon="resource.images.studios.white" version="0.0.18"/>
		<import addon="plugin.video.metalgear" version="1.0.0" optional="true"/>
	</requires>
	<extension point="xbmc.python.script" library="script.py"/>
	<extension point="xbmc.python.pluginsource" library="plugin.py">
		<provides>video</provides>
	</extension>
	<extension point="kodi.context.item">
		<menu id="kodi.core.main">
			<item library="context.py">
				<label>Metalgearsolid</label>
				<visible>String.IsEqual(ListItem.dbtype,movie) | String.IsEqual(ListItem.dbtype,tvshow) | String.IsEqual(ListItem.dbtype,season) | String.IsEqual(ListItem.dbtype,episode) | String.IsEqual(ListItem.dbtype,actor) | String.IsEqual(ListItem.dbtype,director)</visible>
			</item>
		</menu>
	</extension>
	<extension point="xbmc.addon.metadata">
		<reuselanguageinvoker>false</reuselanguageinvoker>
		<platform>all</platform>
		<summary>Fork of the ExtendedInfo script from phil65</summary>
		<description>This script offers various possibilities to display online content inside skins as well as a complete MovieDB browser including info dialogs for various media types. Needs skin implementation for lot of functions and metalgear for library functions.</description>
		<assets>
			<icon>icon.gif</icon>
			<fanart>fanart.jpg</fanart>
		</assets>
		<news></news>
	</extension>
</addon>