<?xml version="1.0" encoding="UTF-8"?>
    <addon id="repository.bitsbb01" name="Bitsbb01 Repo" version="1.6.4" provider-name="Bitsbb01">
        <requires>
            <import addon="xbmc.addon" version="14.0.0"/>
        </requires>
        <extension point="xbmc.addon.repository" name="Bitsbb01 Repo">
            <info compressed="false">https://raw.githubusercontent.com/bitsbb01/IPTV-M3US/master/New/_repo/addons.xml</info>
            <checksum>https://raw.githubusercontent.com/bitsbb01/IPTV-M3US/master/New/_repo/addons.xml.md5</checksum>
            <datadir zip="true">https://github.com/bitsbb01/IPTV-M3US/tree/master/New/_repo/zips</datadir>
            <hashes>false</hashes>
        </extension>
        <extension point="xbmc.addon.metadata">
            <summary>Bitsbb01 Repo</summary>
            <description>Bitsbb01 Legit Addons for OFC Skin. The author is not responsible for the use of this addon. The author is not responsible for the content found using this addon. The author does not host or own any content found within this addon.[CR]The author is in no way affiliated with Kodi, Team Kodi, or the XBMC Foundation.[CR]This is a Non-profit resource, organized solely for educational purposes which is protected under the Fair-Use doctrine of the Copyright Act, Specifically section 107, which does promote freedom of expression, by permitting the unlicensed use of copyright-protected works....</description>
            <platform>all</platform>
    </extension>
</addon>