<?xml version="1.0" encoding="UTF-8" standalone="yes"?>
<!--
    TV ADDONS Batch Installer Manifest File
    
-->
<installer>
    <!--
        Addons is a required container for a list of addon username and addon_id pairs.
        Each container requires both pairs.
    -->
    <addons>
        <addon>
        <addon>
            <addon_id>plugin.anime.animeselect</addon_id>
            <username>bitsbb01</username>
        </addon>
        <addon>
            <addon_id>plugin.audio.mp3streams</addon_id>
            <username>bitsbb01</username>
        </addon>
        <addon>
            <addon_id>plugin.audio.radioreference</addon_id>
            <username>bitsbb01</username>
        </addon>
        <addon>
            <addon_id>plugin.program.aptoide</addon_id>
            <username>bitsbb01</username>
        </addon>
        <addon>
            <addon_id>plugin.program.indigo</addon_id>
            <username>bitsbb01</username>
        </addon>
        <addon>
            <addon_id>plugin.program.ofcwiz</addon_id>
            <username>bitsbb01</username>
        </addon>
        <addon>
            <addon_id>plugin.video.collective</addon_id>
            <username>bitsbb01</username>
        </addon>
        <addon>
            <addon_id>plugin.video.loonatics3000</addon_id>
            <username>bitsbb01</username>
        </addon>
        <addon>
            <addon_id>plugin.video.lu</addon_id>
            <username>bitsbb01</username>
        </addon>
        <addon>
            <addon_id>repository.addons4kodi</addon_id>
            <username>bitsbb01</username>
        </addon>
        <addon>
            <addon_id>repository.autowidget</addon_id>
            <username>bitsbb01</username>
        </addon>
        <addon>
            <addon_id>repository.bitsbb01</addon_id>
            <username>bitsbb01</username>
        </addon>
        <addon>
            <addon_id>repository.butter</addon_id>
            <username>bitsbb01</username>
        </addon>
        <addon>
            <addon_id>repository.chainsrepo</addon_id>
            <username>bitsbb01</username>
        </addon>
        <addon>
            <addon_id>repository.cywteow</addon_id>
            <username>bitsbb01</username>
        </addon>
        <addon>
            <addon_id>repository.Diamond-Wizard-Repo</addon_id>
            <username>bitsbb01</username>
        </addon>
        <addon>
            <addon_id>repository.FalconRepo</addon_id>
            <username>bitsbb01</username>
        </addon>
        <addon>
            <addon_id>repository.lime</addon_id>
            <username>bitsbb01</username>
        </addon>
        <addon>
            <addon_id>repository.openmeta</addon_id>
            <username>bitsbb01</username>
        </addon>
        <addon>
            <addon_id>repository.openscrapers</addon_id>
            <username>bitsbb01</username>
        </addon>
        <addon>
            <addon_id>repository.ptom</addon_id>
            <username>bitsbb01</username>
        </addon>
        <addon>
            <addon_id>repository.racooncity</addon_id>
            <username>bitsbb01</username>
        </addon>
        <addon>
            <addon_id>repository.resolveurl</addon_id>
            <username>bitsbb01</username>
        </addon>
        <addon>
            <addon_id>repository.slyguy</addon_id>
            <username>bitsbb01</username>
        </addon>
        <addon>
            <addon_id>repository.temptv</addon_id>
            <username>bitsbb01</username>
        </addon>
        <addon>
            <addon_id>repository.universalscrapers</addon_id>
            <username>bitsbb01</username>
        </addon>
        <addon>
            <addon_id>repository.unofficialsportsdevil-</addon_id>
            <username>bitsbb01</username>
        </addon>
        <addon>
            <addon_id>repository.xbmc.org</addon_id>
            <username>bitsbb01</username>
        </addon>
        <addon>
            <addon_id>repository.xbmchub</addon_id>
            <username>bitsbb01</username>
        </addon>
        <addon>
            <addon_id>repository.ytplugin</addon_id>
            <username>bitsbb01</username>
        </addon>
        <addon>
            <addon_id>resource.images.catchuptvandmore</addon_id>
            <username>bitsbb01</username>
        </addon>
        <addon>
            <addon_id>script.apex.artwork</addon_id>
            <username>bitsbb01</username>
        </addon>
        <addon>
            <addon_id>script.cyphermedia.artwork</addon_id>
            <username>bitsbb01</username>
        </addon>
        <addon>
            <addon_id>script.cyphermedia.metadata</addon_id>
            <username>bitsbb01</username>
        </addon>
        <addon>
            <addon_id>script.dk.metadata</addon_id>
            <username>bitsbb01</username>
        </addon>
        <addon>
            <addon_id>script.exodus.artwork</addon_id>
            <username>bitsbb01</username>
        </addon>
        <addon>
            <addon_id>script.exodusredux.artwork</addon_id>
            <username>bitsbb01</username>
        </addon>
        <addon>
            <addon_id>script.exodusredux.metadata</addon_id>
            <username>bitsbb01</username>
        </addon>
        <addon>
            <addon_id>script.fanfilm.media</addon_id>
            <username>bitsbb01</username>
        </addon>
        <addon>
            <addon_id>script.flixnet.artwork</addon_id>
            <username>bitsbb01</username>
        </addon>
        <addon>
            <addon_id>script.genesisresurrected.metadata</addon_id>
            <username>bitsbb01</username>
        </addon>
        <addon>
            <addon_id>script.kratosreborn.artwork</addon_id>
            <username>bitsbb01</username>
        </addon>
        <addon>
            <addon_id>script.kratosreborn.metadata</addon_id>
            <username>bitsbb01</username>
        </addon>
        <addon>
            <addon_id>script.lastship.artwork</addon_id>
            <username>bitsbb01</username>
        </addon>
        <addon>
            <addon_id>script.metalgearsolid</addon_id>
            <username>bitsbb01</username>
        </addon>
        <addon>
            <addon_id>script.module.jhm</addon_id>
            <username>bitsbb01</username>
        </addon>
        <addon>
            <addon_id>script.module.libtorrent</addon_id>
            <username>bitsbb01</username>
        </addon>
        <addon>
            <addon_id>script.myaddon.artwork</addon_id>
            <username>bitsbb01</username>
        </addon>
        <addon>
            <addon_id>script.numbersbynumbers.artwork</addon_id>
            <username>bitsbb01</username>
        </addon>
        <addon>
            <addon_id>script.selflesslive.artwork</addon_id>
            <username>bitsbb01</username>
        </addon>
        <addon>
            <addon_id>script.selflesslive.metadata</addon_id>
            <username>bitsbb01</username>
        </addon>
        <addon>
            <addon_id>script.Yoda.artwork</addon_id>
            <username>bitsbb01</username>
        </addon>
        <addon>
            <addon_id>script.Yoda.metadata</addon_id>
            <username>bitsbb01</username>
        </addon>
        <addon>
            <addon_id>slyguy.pluto.tv.provider</addon_id>
            <username>bitsbb01</username>
        </addon>
        <addon>
            <addon_id>slyguy.stirr.provider</addon_id>
            <username>bitsbb01</username>
        </addon>
        <addon>
            <addon_id>slyguy.pbs.live</addon_id>
            <username>bitsbb01</username>
        </addon>
        <addon>
            <addon_id>superrepo.kodi.krypton.all</addon_id>
            <username>bitsbb01</username>
        </addon>
        <addon>
            <addon_id>inputstream.rtmp</addon_id>
            <username>bitsbb01</username>
        </addon>
        <addon>
            <addon_id>inputstream.adaptive</addon_id>
            <username>bitsbb01</username>
        </addon>
        <addon>
            <addon_id>Incendiary-Pyro</addon_id>
            <username>bitsbb01</username>
        </addon>
        <addon>
            <addon_id>inputstream.adaptive.testing</addon_id>
            <username>bitsbb01</username>
        </addon>
        <addon>
            <addon_id>metadata.musicvideos.theaudiodb.com</addon_id>
            <username>bitsbb01</username>
        </addon>
        <addon>
            <addon_id>resource.images.studios.coloured</addon_id>
            <username>bitsbb01</username>
        </addon>
        <addon>
            <addon_id>plugin.video.j1tv</addon_id>
            <username>bitsbb01</username>
        </addon>
        <addon>
            <addon_id>resource.images.studios.white</addon_id>
            <username>bitsbb01</username>
        </addon>
        <addon>
            <addon_id>script.medusa.artwork</addon_id>
            <username>bitsbb01</username>
        </addon>
        <addon>
            <addon_id>script.flixnet.metadata</addon_id>
            <username>bitsbb01</username>
        </addon>
        <addon>
            <addon_id>script.no-name.metadata</addon_id>
            <username>bitsbb01</username>
        </addon>
        <addon>
            <addon_id>script.tempest.metadata</addon_id>
            <username>bitsbb01</username>
        </addon>
        <addon>
            <addon_id>script.covenant.metadata</addon_id>
            <username>bitsbb01</username>
        </addon>
        <addon>
            <addon_id>script.fanfilm.metadata</addon_id>
            <username>bitsbb01</username>
        </addon>
        <addon>
            <addon_id>script.exodus.metadata</addon_id>
            <username>bitsbb01</username>
        </addon>
        <addon>
            <addon_id>script.neptune.metadata</addon_id>
            <username>bitsbb01</username>
        </addon>
        <addon>
            <addon_id>script.numbersbynumbers.metadata</addon_id>
            <username>bitsbb01</username>
        </addon>
        <addon>
            <addon_id>script.mtb.vr8fg8b.artwork</addon_id>
            <username>bitsbb01</username>
        </addon>
        <addon>
            <addon_id>plugin.video.cultflix</addon_id>
            <username>bitsbb01</username>
        </addon>
        <addon>
            <addon_id>script.medusa.metadata</addon_id>
            <username>bitsbb01</username>
        </addon>
        <addon>
            <addon_id>script.extendedinfo</addon_id>
            <username>bitsbb01</username>
        </addon>
        <addon>
            <addon_id>script.arachnid.artwork</addon_id>
            <username>bitsbb01</username>
        </addon>
        <addon>
            <addon_id>plugin.video.dc</addon_id>
            <username>bitsbb01</username>
        </addon>
        <addon>
            <addon_id>script.bkr.artwork</addon_id>
            <username>bitsbb01</username>
        </addon>
        <addon>
            <addon_id>script.neptune.artwork</addon_id>
            <username>bitsbb01</username>
        </addon>
        <addon>
            <addon_id>script.no-name.artwork</addon_id>
            <username>bitsbb01</username>
        </addon>
        <addon>
            <addon_id>script.mcuphone</addon_id>
            <username>bitsbb01</username>
        </addon>
        <addon>
            <addon_id>resource.images.recordlabels.white</addon_id>
            <username>bitsbb01</username>
        </addon>
        <addon>
            <addon_id>plugin.video.flixnet</addon_id>
            <username>bitsbb01</username>
        </addon>
        <addon>
            <addon_id>script.module.tulip</addon_id>
            <username>Twilight0</username>
        </addon>
        <addon>
            <addon_id>repository.ccloud</addon_id>
            <username>Bane</username>
        </addon>
        <addon>
            <addon_id>script.ccloudmeta</addon_id>
            <username>darknessally</username>
        </addon>
    </addons>
    <!--
        Configs is an optional container for a list of config files and destinations.
        This is not limited to config files; could include images, databases, etc.
        *** Be careful, this it will overwrite destinations. ***
        Each file is copied overwriting the distination.
        ./configs/test.xml will overwrite special://profile/addon_data/plugin.video.animaltv/test.xml
    -->
    <!--
        Settings is an optional container for a list of addon settings key and value pairs.
    -->
    <!--
        Optionally issue a series of built-in commands.
        *** Be careful, know what you are doing here! ***
    -->
    <!--
        Optionally issue a series of JSONRPC commands.
        *** Be very careful, know what you are doing here! ***
    -->
</installer>
