<?xml version="1.0" encoding="UTF-8" standalone="yes"?>
<!--
    TV ADDONS Batch Installer Manifest File
    
-->
<installer>
    <!--
        Addons is a required container for a list of addon username and addon_id pairs.
        Each container requires both pairs.
    -->
    <addons>
        <addon>
        <addon>
            <addon_id>plugin.program.ofcwiz</addon_id>
            <username>bitsbb01</username>
        </addon>
        <addon>
            <addon_id>frenchdj.repository</addon_id>
            <username>frenchdj</username>
        </addon>
        <addon>
            <addon_id>plugin.audio.radioreference</addon_id>
            <username>tvaddonsco</username>
        </addon>
        <addon>
            <addon_id>plugin.video.adultswim</addon_id>
            <username>tvaddonsco</username>
        </addon>
        <addon>
            <addon_id>plugin.video.documented.hd</addon_id>
            <username>frenchdj</username>
        </addon>
        <addon>
            <addon_id>plugin.video.earthcam</addon_id>
            <username>tvaddonsco</username>
        </addon>
        <addon>
            <addon_id>plugin.video.freelivetv.tva</addon_id>
            <username>tvaddonsco</username>
        </addon>
        <addon>
            <addon_id>plugin.video.LiveTube</addon_id>
            <username>tvaddonsco</username>
        </addon>
        <addon>
            <addon_id>repository.xbmchub</addon_id>
            <username>tvaddonsco</username>
        </addon>
        <addon>
            <addon_id>service.subtitles.opensubtitles_by_opensubtitles</addon_id>
            <username>tvaddonsco</username>
        </addon>
        <addon>
            <addon_id>plugin.video.tubi.m7</addon_id>
            <username>tvaddonsco</username>
        </addon>
        <addon>
            <addon_id>plugin.video.cartoon_network</addon_id>
            <username>tvaddonsco</username>
        </addon>
    </addons>
    <!--
        Configs is an optional container for a list of config files and destinations.
        This is not limited to config files; could include images, databases, etc.
        *** Be careful, this it will overwrite destinations. ***
        Each file is copied overwriting the distination.
        ./configs/test.xml will overwrite special://profile/addon_data/plugin.video.animaltv/test.xml
    -->
    <!--
        Settings is an optional container for a list of addon settings key and value pairs.
    -->
    <!--
        Optionally issue a series of built-in commands.
        *** Be careful, know what you are doing here! ***
    -->
    <!--
        Optionally issue a series of JSONRPC commands.
        *** Be very careful, know what you are doing here! ***
    -->
</installer>
