<?xml version="1.0" encoding="UTF-8" standalone="yes"?>
<addon id="script.lastship.artwork" version="2.0.4" name="Lastship Artwork" provider-name="Lastship Team">
	<requires>
		<import addon="xbmc.python" version="2.19.0"/>
	</requires>
	<extension point="xbmc.python.module" library="lib" />
	<extension point="xbmc.addon.metadata">
		<summary>Icons für das Lastship Addon</summary>
		<description>Themen für Lastship werden seperat aktualisiert und gepflegt um die Verteilung des Addons einfacher zu machen</description>
		<platform>all</platform>
	</extension>
</addon>