<?xml version="1.0" encoding="UTF-8" standalone="yes"?>
<addon id="plugin.video.j1tv" name="j1tv" version="1.3.3" provider-name="J1">
	<requires>
		<import addon="xbmc.python" version="2.19.0" />
		<import addon="script.module.jhm" />
		<import addon="script.module.universalscrapers" version="1.0.0" />
        <import addon="script.module.python.koding.aio" version="0.0.1"/>
	</requires>
	<extension point="xbmc.python.pluginsource" library="default.py">
		<provides>video</provides>
	</extension>
	<extension point="xbmc.addon.metadata">
		<summary lang="en">Movies, TV Channels, Music, Docs, Kids, And More for your Enjoyment.</summary>
		<description lang="en">Movies, TV Channels, Music, Docs, Kids, And More. Adapted for your pleasure by J1. Special Thanks to Uncle Touchy and Mhancoc7 for original templates.</description>
        <disclaimer lang="en">The author is not responsible for the use of this addon. The author is not responsible for the content found using this addon. The author does not host or own any content found within this addon.[CR]The author is in no way affiliated with Kodi, Team Kodi, or the XBMC Foundation.[CR]This is a Non-profit resource, organized solely for educational purposes which is protected under the Fair-Use doctrine of the Copyright Act, Specifically section 107, which does promote freedom of expression, by permitting the unlicensed use of copyright-protected works.</disclaimer>
		<platform>all</platform>
		<news></news>
		<genre>All</genre>
		<video_guide></video_guide>
		<video_preview></video_preview>
	</extension>
</addon>
